{
    "cameras": [
      {
        "name": "2K GPlus",
        "cameraMatrix": [
          [677.7068, 0.0, 319.5],
          [0.0, 677.7063, 239.5],
          [0.0, 0.0, 1.0]
        ],
        "distCoefficients": [0.0985132, -0.407948, 0.0, 0.0, 0.0]
      },
      {
        "name": "EXAMPLE Camera",
        "cameraMatrix": [
          [50.0, 0.0, 50.5],
          [0.0, 50.0, 50.0],
          [0.0, 0.0, 1.0]
        ],
        "distCoefficients": [0.0985159, -0.407598, 0.0, 0.0, 0.0]
      }
    ]
  }
  
